圖名,點名,等級,圖號,標石號碼,標石種類,經度-度,分,秒,緯度-度,分,秒,高程_m,橫坐標_67坐標系統,縱坐標_67坐標系統
澎湖,東山,2,,870,花崗石,119,32,0.3026,23,29,46.5846,61.446,304480,2599340
澎湖,鎖管港,2,,內補060,花崗石,119,35,38.1085,23,31,3.8498,17.568,310650,2601740
澎湖,大城北,2,,內補061,花崗石,119,36,20.9270,23,33,45.2949,55.832,311840,2606720
澎湖,西衛,2,,內補062,花崗石,119,33,57.1231,23,34,49.0228,21.085,307750,2608660
琉球嶼,東港,2,9417-I,內補011,銅標,120,26,41.0089,22,28,1.3446,19.612,192850,2485380
旗山,生仙坑山,2,9418-I,600,花崗石,120,24,42.6228,22,45,18.3683,258.819,189590,2517290
旗山,滾水山,2,9418-I,內補041,花崗石,120,19,41.0772,22,46,14.7842,36.878,181000,2519060
旗山,大崗山,2,9418-I,499,觀音石,120,20,12.9527,22,50,34.7821,309.960,181940,2527050
旗山,旗尾,2,9418-I,491,花崗石,120,29,20.5010,22,52,27.8968,41.445,197570,2530470
旗山,擔橫山,2,9418-I,內補049,花崗石,120,27,33.2762,22,53,35.3517,215.324,194520,2532560
旗山,火焰山,2,9418-I,500,花崗石,120,22,7.7019,22,54,12.0515,132.241,185240,2533720
旗山,龍船,2,9418-I,1101,花崗石,120,25,26.7594,22,57,13.9774,351.650,190940,2539300
旗山,過坑子,2,9418-I,內補43,花崗石,120,18,36.0255,22,58,5.2896,71.112,179240,2540920
高雄市,崁頂,2,9418-II,內補044,花崗石,120,29,56.2104,22,30,8.4730,4.864,198440,2489270
高雄市,中洲,2,9418-II,內補070,銅標,120,17,28.4538,22,34,37.9970,10.421,177110,2497650
高雄市,鳳梨山,2,9418-II,530,花崗石,120,23,10.2764,22,41,53.3257,167.790,186930,2510990
高雄市,半屏山,2,9418-II,陸補80,水泥柱,120,18,11.7790,22,42,3.2989,232.951,178410,2511340
台南市,潭底山,2,9418-IV,內補042,花崗石,120,14,40.6443,22,46,18.6120,48.264,172430,2519220
台南市,管府山,2,9418-IV,內補068,銅標,120,12,52.4422,22,49,9.3429,17.104,169370,2524490
台南市,前荷,2,9418-IV,512,花崗石,120,14,54.6745,22,53,12.9186,24.055,172890,2531960
台南市,白沙崙,2,9418-IV,內補069,銅標,120,10,39.7465,22,55,3.0867,17.745,165650,2535390
台南市,F1,2,9418-IV,內導912,銅標,120,13,5.2593,22,55,20.0441,18.940,169800,2535890
嘉義,柳營,2,9419-I,424,花崗石,120,17,42.1315,23,16,50.6998,11.734,177880,2575550
嘉義,牛山,2,9419-I,416,花崗石,120,24,27.7413,23,17,7.7342,212.175,189410,2576020
嘉義,新港東,2,9419-I,445,花崗石,120,18,35.6572,23,20,43.1532,14.857,179430,2582700
嘉義,上茄苳,2,9419-I,1148,花崗石,120,22,15.1458,23,23,46.8394,38.729,185690,2588320
嘉義,牛稠埔,2,9419-I,453,花崗石,120,28,25.8781,23,24,30.1748,201.048,196220,2589610
嘉義,新莊,2,9419-I,405,花崗石,120,16,2.4354,23,25,10.4508,16.775,175120,2590940
嘉義,紅毛埤,2,9419-I,1096,花崗石,120,29,1.8840,23,28,54.3353,149.820,197270,2597730
嘉義,蒜頭,2,9419-I,1122,花崗石,120,17,17.2083,23,29,1.3042,10.019,177280,2598030
新化,內庄山,2,9419-II,內補050,花崗石,120,25,30.2299,23,2,9.8755,130.657,191070,2548400
新化,洋子寮,2,9419-II,509,花崗石,120,20,49.9952,23,3,31.8291,103.318,183100,2550950
新化,善化,2,9419-II,1091,花崗石,120,17,15.7841,23,7,19.2165,10.812,177040,2557980
新化,大崖山,2,9419-II,內補048,花崗石,120,26,16.6688,23,10,25.5905,410.680,192450,2563640
新化,川文山,2,9419-II,636,花崗石,120,18,53.8704,23,10,44.2445,40.433,179860,2564270
新化,六甲,2,9419-II,1088,花崗石,120,21,33.2837,23,13,36.2958,87.501,184420,2569540
新化,二尖山,2,9419-II,363,花崗石,120,29,18.0213,23,14,58.1103,863.978,197640,2572000
佳里,永康,2,9419-III,內補044,花崗石,120,14,3.9369,23,0,59.3995,29.589,171520,2546320
佳里,土城子,2,9419-III,592,花崗石,120,7,37.7097,23,4,5.6296,3.677,160560,2552110
佳里,西港,2,9419-III,1092,花崗石,120,12,12.1379,23,7,14.8295,6.001,168400,2557880
佳里,三股子,2,9419-III,580,花崗石,120,6,4.0669,23,7,22.0121,2.889,157930,2558170
佳里,大屯寮,2,9419-III,1089,花崗石,120,14,8.9448,23,14,9.4219,5.273,171790,2570620
朴子,北門,2,9419-VI,350,花崗石,120,7,2.0268,23,15,42.4144,6.579,159670,2573550
朴子,頂溪洲,2,9419-VI,內補046,花崗石,120,11,5.9695,23,17,38.8020,6.929,166630,2577090
朴子,頂東石,2,9419-VI,1184,花崗石,120,8,50.1270,23,28,16.7971,2.657,162880,2596740
西螺,羅厝,2,9420-I,,花崗石,120,22,7.0352,23,45,35.9734,21.109,185640,2628590
西螺,新庄子,2,9420-I,1061,花崗石,120,24,32.6917,23,49,7.3568,34.744,189790,2635080
西螺,溪洲,2,9420-I,內補218,銅標,120,29,12.7319,23,51,10.9551,49.975,197730,2638850
西螺,西港,2,9420-I,內補071,花崗石,120,17,0.4971,23,52,16.7051,16.967,177020,2640960
西螺,丈八斗,2,9420-I,1170,花崗石,120,24,57.5411,23,53,39.5819,23.824,190530,2643450
西螺,王功,2,9420-I,284,花崗石,120,19,36.6883,23,57,19.2256,6.032,181480,2650240
西螺,圓子內,2,9420-I,內補010,銅標,120,28,59.3949,23,59,53.6014,23.350,197410,2654930
北港,牛斗山,2,9420-II,1158,花崗石,120,23,9.4235,23,30,58.6481,26.558,187290,2601590
北港,蘇厝寮,2,9420-II,內補077,花崗石,120,17,7.8013,23,33,30.6765,14.008,177050,2606320
北港,柴林脚,2,9420-II,內補075,花崗石,120,21,14.8282,23,35,51.7917,17.266,184080,2610630
北港,大林,2,9420-II,陸補109,花崗石,120,26,41.0593,23,36,18.8756,50.535,193330,2611420
北港,阿丹,2,9420-II,1049,花崗石,120,29,36.1941,23,39,44.7941,45.088,198320,2617740
北港,後湖,2,9420-II,內補074,花崗石,120,19,7.6073,23,41,0.0681,29.947,180520,2620130
北港,昌南,2,9420-II,1033,花崗石,120,15,8.5314,23,41,56.5500,17.042,173750,2621900
臺西,溪子下,2,9420-III,內補078,花崗石,120,10,56.3972,23,30,3.1490,2.194,166480,2599990
臺西,牛尿港,2,9420-III,1128,花崗石,120,7,58.3190,23,33,43.9793,7.490,161470,2606810
臺西,飛沙,2,9420-III,內補084,花崗石,120,10,48.8018,23,39,2.5563,11.885,166360,2616590
麥寮,蚊港,2,9420-IV,1059,花崗石,120,13,8.0708,23,45,9.5081,18.104,170370,2627850
鹿港,福興,2,9421-II,內補009,銅標,120,25,20.8459,24,3,6.3035,21.179,191260,2660880
鹿港,馬鳴山,2,9421-II,1161,花崗石,120,29,42.9315,24,3,19.9676,9.837,198660,2661270
鹿港,泉州厝,2,9421-II,1153,花崗石,120,28,30.9354,24,9,15.3247,10.499,196670,2672210
鵝鑾鼻,埔頂,2,9516-I,1164,花崗石,120,50,27.2625,21,55,39.6521,119.189,233560,2425560
大武,佳菩安山,2,9517-I,1171,花崗石,120,46,11.9198,22,18,37.6513,1083.889,226300,2467950
大武,巴塱衛山,2,9517-I,1177,花崗石,120,52,15.0254,22,19,27.6444,325.486,236690,2469480
大武,茶茶牙頓山,2,9517-I,4248,花崗石,120,45,34.3857,22,20,56.2642,1325.949,225230,2472220
大武,出水坡,2,9517-I,內補079,花崗石,120,49,1.6254,22,22,43.2796,655.191,231160,2475500
大武,姑子崙山,2,9517-I,4255,花崗石,120,46,51.9540,22,25,12.2185,1630.684,227460,2480090
大武,杜鴉原山,2,9517-I,1195,花崗石,120,50,31.1045,22,28,51.8426,1236.950,233730,2486830
大武,太里力山,2,9517-I,1561,花崗石,120,47,12.0330,22,29,45.4259,1929.204,228050,2488490
滿州,猪老東山,2,9517-II,1172,花崗石,120,50,53.4331,22,0,46.1353,410.451,234320,2434990
滿州,老佛山,2,9517-II,1176,花崗石,120,47,2.4870,22,2,26.8125,674.264,227700,2438090
滿州,高士佛山,2,9517-II,857,花崗石,120,48,22.0379,22,8,5.3028,514.478,230000,2448500
滿州,太和山,2,9517-II,938,花崗石,120,51,2.4704,22,14,27.3596,487.445,234600,2460240
恒春,太平頂,2,9517-III,1163,花崗石,120,41,25.1880,22,0,42.3467,190.047,218020,2434900
枋寮,竹坑山,2,9517-IV,1175,花崗石,120,40,45.6468,22,15,3.0029,519.006,216950,2461370
枋寮,坪埔厝山,2,9517-IV,188,花崗石,120,38,30.4531,22,20,15.0817,532.327,213100,2470980
枋寮,保和以山,2,9517-IV,1106,花崗石,120,38,27.0762,22,27,16.5799,684.703,213030,2483940
枋寮,久保山,2,9517-IV,,花崗石,120,40,47.2548,22,29,37.7472,1506.410,217050,2488270
美奈田主山,大浦山,2,9518-I,1657,花崗石,120,53,56.2978,22,46,37.5213,2377.657,239620,2519610
美奈田主山,盆盆山,2,9518-I,1658,花崗石,120,58,57.6944,22,50,8.3082,1864.572,248220,2526090
美奈田主山,遙拜山,2,9518-I,1662,花崗石,120,50,46.5712,22,51,57.7996,2415.009,234220,2529460
美奈田主山,平野山,2,9518-I,1660,花崗石,120,53,34.9347,22,53,22.2032,2215.618,239020,2532060
美奈田主山,屯子山,2,9518-I,1656,花崗石,120,45,10.1671,22,54,44.5852,1822.605,224640,2534610
美奈田主山,出雲山,2,9518-I,1565,花崗石,120,49,15.8939,22,58,38.1785,2772.335,231650,2541780
太麻里,大武來山,2,9518-II,1194,花崗石,120,56,51.1809,22,34,17.8308,924.070,244600,2496850
太麻里,唐太蘭山,2,9518-II,1562,花崗石,120,52,34.1364,22,37,27.9355,1452.828,237260,2502700
太麻里,霧頭山,2,9518-II,1559,花崗石,120,46,43.0564,22,41,41.3768,2735.593,227250,2510510
太麻里,知本主山,2,9518-II,1560,花崗石,120,52,20.7808,22,43,38.8940,2229.955,236890,2514110
內埔,北勢廍,2,9518-III,838,花崗石,120,32,46.3049,22,33,36.1863,16.511,203320,2495640
內埔,南太武山,2,9518-III,1557,花崗石,120,44,25.7390,22,34,27.3598,2840.682,223310,2497170
內埔,萬金山,2,9518-III,337,花崗石,120,37,17.6999,22,36,33.5167,241.776,211090,2501070
內埔,真笠山,2,9518-III,1558,花崗石,120,39,31.6725,22,40,17.5784,1166.151,214930,2507960
內埔,竹葉,2,9518-III,942,花崗石,120,32,55.5399,22,42,3.8730,55.487,203640,2511260
美濃,德文山,2,9518-IV,1655,花崗石,120,41,2.2616,22,45,56.4361,1245.684,217540,2518370
美濃,武路,2,9518-IV,1104,花崗石,120,30,12.1262,22,46,50.4044,39.953,199000,2520090
美濃,加蚋埔,2,9518-IV,544,花崗石,120,37,30.8891,22,47,4.5222,185.357,211520,2520480
美濃,大母母山,2,9518-IV,1654,花崗石,120,44,26.1273,22,49,39.6974,2423.929,223370,2525230
美濃,尾寮山,2,9518-IV,1653,花崗石,120,40,5.4602,22,51,31.8136,1427.393,215940,2528690
美濃,龍肚,2,9518-IV,1100,花崗石,120,34,6.8007,22,51,43.0577,199.302,205720,2529070
美濃,紅禾林,2,9518-IV,517,花崗石,120,37,9.1729,22,54,28.9169,272.688,210930,2534150
美濃,月光山,2,9518-IV,487,花崗石,120,32,12.4731,22,56,11.8447,649.756,202490,2537340
美濃,大貢占,2,9518-IV,1097,花崗石,120,36,53.4582,22,58,46.6258,823.158,210510,2542080
美濃,御油山,2,9518-IV,7141,花崗石,120,41,57.7545,22,58,57.5940,1476.023,219170,2542400
玉山,烏夫冬山,2,9519-I,1667,花崗石,120,49,47.4504,23,15,1.6502,1823.308,232580,2572030
玉山,關山嶺,2,9519-I,1683,花崗石,120,57,4.8738,23,16,21.9679,3175.600,245020,2574490
玉山,南面山,2,9519-I,1682,花崗石,120,51,56.7154,23,20,28.4081,2827.566,236270,2582080
玉山,雲峰,2,9519-I,1684,花崗石,120,58,3.5381,23,21,19.8946,3563.757,246690,2583660
玉山,霞山,2,9519-I,1688,花崗石,120,48,47.8432,23,25,18.0636,2400.166,230910,2591000
玉山,南玉山,2,9519-I,1685,花崗石,120,55,0.4694,23,25,51.7706,3382.801,241490,2592020
卑南主山,相原山,2,9519-II,1661,花崗石,120,56,10.5036,23,0,39.0193,2774.056,243460,2545490
卑南主山,白松山,2,9519-II,7231,花崗石,120,58,12.0264,23,2,22.4124,2633.455,246920,2548670
卑南主山,屯古嶺,2,9519-II,1675,花崗石,120,56,33.9253,23,8,51.7042,2789.526,244130,2560640
卑南主山,小關山,2,9519-II,1668,花崗石,120,52,4.8846,23,9,12.3215,3248.737,236480,2561280
卑南主山,關山,2,9519-II,1674,花崗石,120,54,13.0188,23,13,47.4834,3668.036,240130,2569740
甲仙,刣牛湖山,2,9519-III,內補051,花崗石,120,30,53.9509,23,3,0.9779,799.097,200290,2549940
甲仙,藤枝,2,9519-III,1664,花崗石,120,43,49.4558,23,3,49.7734,1564.697,222370,2551380
甲仙,糖子恩山,2,9519-III,449,花崗石,120,31,0.2167,23,6,50.7986,641.900,200490,2557000
甲仙,番子寮山,2,9519-III,內補045,觀音石,120,38,53.1083,23,6,54.1911,1207.524,213950,2557070
甲仙,美壠山,2,9519-III,1665,花崗石,120,44,21.3038,23,7,16.5009,1384.782,223290,2557740
甲仙,河表湖山,2,9519-III,1191,花崗石,120,39,47.6195,23,14,19.2721,1185.389,215530,2570760
甲仙,三角南山,2,9519-III,1087,花崗石,120,35,3.7103,23,14,32.5407,1187.197,207460,2571190
甲仙,竹子尖山,2,9519-III,1090,花崗石,120,33,26.7118,23,10,39.4876,1109.649,204680,2564030
甲仙,我丹,2,9519-III,1666,花崗石,120,43,56.0728,23,12,12.9878,2044.017,222590,2566860
中埔,玉打山,2,9519-IV,7553,花崗石,120,41,29.6748,23,16,42.7359,1271.296,218440,2575160
中埔,卓武山,2,9519-IV,1686,花崗石,120,42,4.7042,23,18,32.5915,1602.137,219450,2578540
中埔,草山,2,9519-IV,1689,花崗石,120,39,2.9736,23,20,29.8238,1104.005,214290,2582160
中埔,馬頭山,2,9519-IV,1188,花崗石,120,35,21.9759,23,20,52.8168,1127.273,208020,2582880
中埔,柑子湖山,2,9519-IV,290,花崗石,120,33,30.4192,23,24,48.7222,459.886,204870,2590150
中埔,頂笨子山,2,9519-IV,1187,花崗石,120,42,27.9557,23,25,2.2965,1679.560,220130,2590530
中埔,隙頂山,2,9519-IV,1690,花崗石,120,38,59.3039,23,26,19.5348,1471.369,214210,2592920
埔里,人倫,2,9520-I,1139,花崗石,120,52,19.2099,23,45,20.6592,1195.785,236950,2627980
埔里,白石,2,9520-I,1112,花崗石,120,48,24.0756,23,46,28.4898,1171.974,230290,2630080
埔里,水社山,2,9520-I,1134,花崗石,120,57,34.3819,23,50,38.2964,2058.947,245870,2637750
埔里,集集大山,2,9520-I,1135,花崗石,120,49,47.9874,23,51,24.2273,1391.665,232680,2639170
埔里,東勢閣,2,9520-I,1127,花崗石,120,45,26.1738,23,53,42.7947,259.410,225280,2643440
埔里,白葉山,2,9520-I,內補054,花崗石,120,56,25.1191,23,55,59.3464,853.239,243920,2647630
埔里,牛相山,2,9520-I,內補053,花崗石,120,55,16.4849,23,58,2.0054,591.215,241980,2651400
埔里,雙冬山,2,9520-I,1130,花崗石,120,47,4.1116,23,58,23.1725,574.220,228060,2652070
阿里山,塔山,2,9520-II,1190,花崗石,120,46,23.4053,23,31,51.4874,2484.052,226830,2603100
阿里山,獅子頭山,2,9520-II,1113,花崗石,120,45,16.7111,23,37,1.3282,2103.878,224960,2612640
斗六,大坑山,2,9520-III,468,花崗石,120,36,9.1645,23,30,3.2054,1025.786,209400,2599810
斗六,光崙山,2,9520-III,1193,花崗石,120,40,45.9335,23,30,35.7009,1815.072,217260,2600790
斗六,沙坑,2,9520-III,內補076,花崗石,120,32,46.6672,23,32,43.6982,235.649,203670,2604760
斗六,嵌頭厝,2,9520-III,內補085,花崗石,120,34,32.6163,23,38,6.6530,299.023,206710,2614690
斗六,木瓜潭山,2,9520-3,225,花崗石,120,38,10.1654,23,40,12.6765,518.631,212880,2618550
斗六,咬狗,2,9520-3,1035,花崗石,120,36,6.0068,23,43,27.8065,221.708,209380,2624560
斗六,笋子林山,2,9520-3,1133,花崗石,120,42,36.6283,23,44,12.1594,727.189,220450,2625900
南投,樹子腳,2,9520-4,內補073,花崗石,120,31,15.0776,23,47,2.2897,46.928,201160,2631190
南投,松柏坑,2,9520-4,1067,花崗石,120,38,2.0894,23,49,18.4176,430.854,212700,2635340
南投,濁水山,2,9520-4,179,花崗石,120,42,27.9278,23,50,43.1143,408.776,220230,2637930
南投,北斗,2,9520-4,內補072,花崗石,120,31,10.5935,23,52,27.6049,54.921,201070,2641190
南投,橫山,2,9520-4,1114,花崗石,120,37,24.3490,23,53,27.4667,442.805,211650,2643000
南投,大埔心,2,9520-4,1121,花崗石,120,32,22.6010,23,57,17.5981,26.652,203140,2650110
南投,大虎山,2,9520-4,82,花崗石,120,41,33.1032,23,58,5.9120,325.381,218700,2651550
東勢,尾文坑,2,9521-1,1138,花崗石,120,53,5.6226,24,17,0.5346,727.468,238310,2686430
東勢,石圍牆山,2,9521-1,1115,花崗石,120,45,32.8617,24,18,2.2013,560.142,225550,2688340
東勢,壢灑坪,2,9521-1,內補014,觀音石,120,49,33.1819,24,19,34.4636,523.430,232330,2691170
東勢,關刀山,2,9521-1,125,花崗石,120,48,9.4840,24,22,37.6631,888.542,229970,2696810
東勢,耀婆山,2,9521-1,1123,花崗石,120,54,1.0331,24,26,11.9433,901.238,239880,2703390
東勢,龍船子,2,9521-1,107,花崗石,120,50,10.0095,24,26,46.0952,654.761,233380,2704450
國姓,小埔山,2,9521-2,內補052,花崗石,120,55,58.7150,24,0,58.7669,611.607,243180,2656840
國姓,八幡崎,2,9521-2,內補020,花崗石,120,54,59.9923,24,2,55.1774,699.245,241520,2660420
國姓,大橫屏山,2,9521-2,1119,花崗石,120,49,14.8481,24,4,36.0934,1205.560,231770,2663530
國姓,阿冷山,2,9521-2,1546,花崗石,120,56,15.7232,24,8,30.9881,1539.998,243660,2670750
國姓,頭科山,2,9521-2,1120,花崗石,120,47,31.1506,24,10,52.0429,859.395,228860,2675100
國姓,大平籠,2,9521-2,1110,花崗石,120,52,20.5136,24,12,12.4449,1179.619,237030,2677570
國姓,稍來山,2,9521-2,1543,花崗石,120,57,47.8056,24,14,21.7164,2307.488,246270,2681540
台中市,崩崁,2,9521-3,1132,花崗石,120,35,35.2856,24,1,0.3947,256.348,208600,2656950
台中市,大地公坑,2,9521-3,內補16,花崗石,120,33,6.4266,24,3,7.8406,116.401,204410,2660880
台中市,阿罩霧,2,9521-3,1136,花崗石,120,42,19.3917,24,3,46.7463,249.413,220030,2662030
台中市,賴厝廍,2,9521-3,1103,花崗石,120,39,44.9206,24,10,24.0089,108.679,215700,2674270
台中市,大肚山,2,9521-3,內補008,銅標,120,35,23.8755,24,12,50.4752,313.032,208350,2678790
台中市,聚興山,2,9521-3,1124,花崗石,120,44,4.4891,24,13,18.8720,500.415,223040,2679630
台中市,草湳,2,9521-3,1145,花崗石,120,30,53.3145,24,14,59.7810,2.959,200730,2682790
大甲,大社,2,9521-4,內補013,花崗石,120,40,49.5939,24,15,35.4403,187.508,217550,2683840
大甲,高美,2,9521-4,內補015,花崗石,120,33,22.6845,24,19,32.1517,18.172,204970,2691160
大甲,溫寮,2,9521-4,內補083,花崗石,120,35,51.2662,24,25,6.6504,1.751,209180,2701440
大甲,大坑尾,2,9521-4,1099,花崗石,120,44,32.1431,24,25,24.7528,472.903,223860,2701960
大甲,虎頭山,2,9521-4,1149,花崗石,120,40,36.0682,24,29,43.8600,93.421,217230,2709940
新竹,十八尖山,2,9522-1,陸補179,青石,120,58,35.0415,24,47,39.4512,131.919,247610,2743000
苗栗,八卦力山,2,9522-2,內補82,花崗石,120,56,6.9408,24,30,18.8501,1000.923,243430,2710980
苗栗,高埔,2,9522-2,1040,花崗石,120,45,9.7120,24,30,29.7385,232.810,224930,2711340
苗栗,托皿山,2,9522-2,1048,花崗石,120,50,17.2297,24,33,27.8069,157.183,233600,2716810
苗栗,三尖山,2,9522-2,1058,花崗石,120,55,45.5156,24,35,30.9385,418.216,242840,2720590
苗栗,北坑,2,9522-2,1053,花崗石,120,55,33.0431,24,38,54.5559,198.423,242490,2726850
苗栗,綱弦,2,9522-2,1042,花崗石,120,49,17.9040,24,39,42.6127,63.877,231940,2728340
苗栗,八分寮,2,9522-2,1037,花崗石,120,59,26.7542,24,43,14.9607,207.245,249060,2734860
苗栗,尖筆山,2,9522-2,1057,花崗石,120,53,25.3028,24,43,20.7048,102.490,238900,2735040
知本,射馬干,2,9618-3,1159,花崗石,121,1,2.7212,22,44,21.0579,945.023,251780,2515410
台東,猴子山,2,9618-4,內補080,花崗石,121,10,57.7962,22,48,4.6115,117.158,268750,2522290
台東,太巴六九,2,9618-4,7144,花崗石,121,1,22.5026,22,48,35.1220,1062.790,252350,2523220
台東,阿里擺,2,9618-4,1155,花崗石,121,3,44.4694,22,49,30.7375,639.171,256400,2524930
台東,鹿野村,2,9618-4,802,花崗石,121,6,54.3666,22,55,7.2038,372.473,261800,2535290
台東,紅葉山,2,9618-4,1659,花崗石,121,1,52.0675,22,55,17.8462,1575.954,253190,2535610
台東,八里芒,2,9618-4,1157,花崗石,121,13,17.9271,22,55,35.6484,953.399,272730,2536170
玉里,加走山,2,9619-1,1216,花崗石,121,26,54.8017,23,19,26.6866,91.860,295870,2580250
玉里,卓溪山,2,9619-1,1217,花崗石,121,15,37.4912,23,19,46.4868,1129.691,276630,2580810
玉里,石公山,2,9619-1,1211,花崗石,121,21,28.4686,23,20,45.0907,832.681,286590,2582630
玉里,織羅山,2,9619-1,1219,花崗石,121,26,20.0180,23,26,44.0876,1151.794,294840,2593700
玉里,廸佳山,2,9619-1,1203,花崗石,121,18,22.5358,23,27,46.8013,1044.530,281280,2595590
玉里,大港口,2,9619-1,1212,花崗石,121,29,45.2496,23,29,6.2065,248.685,300650,2598090
成功,都歷,2,9619-2,內補088,花崗石,121,17,41.1365,23,0,57.0713,812.137,280210,2546070
成功,新港,2,9619-2,1146,花崗石,121,18,49.3584,23,7,10.5602,1544.286,282130,2557570
成功,石寧山,2,9619-2,1205,花崗石,121,24,6.7233,23,13,28.6039,147.451,291120,2569220
成功,萬人山,2,9619-2,1202,花崗石,121,18,31.0750,23,14,3.5705,886.099,281580,2570270
關山,里龍山,2,9619-3,731,花崗石,121,8,37.6925,23,1,49.2984,276.436,264730,2547660
關山,加奈鹿山,2,9619-3,7232,花崗石,121,5,43.1252,23,2,22.5767,1822.533,259760,2548680
關山,楠山,2,9619-3,1669,花崗石,121,7,6.1368,23,4,15.6605,1621.338,262120,2552160
關山,四方山,2,9619-3,1672,花崗石,121,0,8.6678,23,4,40.7365,2558.340,250240,2552920
關山,唉唉山,2,9619-3,1671,花崗石,121,5,23.8857,23,7,44.1679,1360.962,259210,2558570
關山,網調口,2,9619-3,1154,花崗石,121,12,35.2331,23,9,16.2668,422.567,271480,2561410
關山,崙天山,2,9619-3,1670,花崗石,121,10,2.9800,23,12,43.1319,2117.536,267140,2567770
關山,嘎嘮吧灣,2,9619-3,1151,花崗石,121,12,46.7079,23,0,49.6682,1000.954,271830,2545830
玉里山,大里仙山,2,9619-4,1677,花崗石,121,11,52.0081,23,18,10.0814,2043.119,270220,2577830
玉里山,尖山,2,9619-4,,花崗石,121,1,7.2575,23,24,28.1319,3069.879,251900,2589450
池南,鳳林山,2,9620-1,1208,花崗石,121,25,24.2743,23,46,14.2362,821.692,293150,2629690
池南,大安山,2,9620-1,1454,花崗石,121,18,18.4861,23,49,13.3847,2828.324,281080,2635170
池南,壽山,2,9620-1,1207,花崗石,121,29,0.5762,23,52,17.8023,501.247,299240,2640890
池南,千谷寒山,2,9620-1,1464,花崗石,121,22,22.9422,23,52,36.8975,1986.666,287990,2641450
池南,望台山,2,9620-1,1470,花崗石,121,19,16.3196,23,56,42.4383,2906.589,282690,2648990
池南,能高山南峰,2,9620-1,1453,花崗石,121,16,11.7915,23,58,1.7933,3349.436,277470,2651420
光復,烏漏山,2,9620-2,1210,花崗石,121,24,27.9406,23,31,26.8297,464.882,291630,2602390
光復,秀朗山,2,9620-2,1209,花崗石,121,25,53.3066,23,35,38.5699,648.427,294030,2610140
光復,馬錫山,2,9620-2,1218,花崗石,121,22,27.2989,23,39,43.3342,1192.524,288170,2617650
萬大,卓社大山,2,9620-4,1455,花崗石,121,6,27.6733,23,50,10.8682,3368.814,260970,2636910
萬大,于卓萬山,2,9620-4,1460,花崗石,121,7,51.0669,23,52,40.1819,3283.771,263320,2641500
萬大,螺婆間山,2,9620-4,1461,花崗石,121,3,48.2822,23,53,56.8131,1757.716,256450,2643860
萬大,橫屏山,2,9620-4,內補055,花崗石,121,0,37.8934,23,56,51.1595,1508.331,251070,2649220
萬大,麻屏暮山,2,9620-4,1458,花崗石,121,11,33.0046,23,59,5.3712,2617.464,269580,2653360
萬大,關頭山,2,9620-4,1468,花崗石,121,5,32.7458,23,59,27.2866,1535.532,259400,2654020
環山,無名山,2,9621-1,1450,花崗石,121,22,35.4171,24,15,25.6986,3450.657,288230,2683560
環山,捫山,2,9621-1,1467,花崗石,121,18,6.1497,24,15,37.7994,3168.267,280630,2683910
環山,西吉南山,2,9621-1,1457,花崗石,121,28,44.3434,24,19,18.8016,2693.937,298610,2690760
環山,平岩山,2,9621-1,1466,花崗石,121,20,46.5569,24,20,53.9334,2827.467,285130,2693650
環山,加留坪,2,9621-1,1549,花崗石,121,18,47.2213,24,27,6.3116,3132.994,281740,2705100
環山,見晴山,2,9621-1,1550,花崗石,121,28,11.3526,24,27,26.6685,2491.528,297630,2705770
大禹嶺,白葉山,2,9621-2,4316,花崗石,121,29,22.3243,24,0,0.0683,1984.418,299800,2655120
大禹嶺,見晴台,2,9621-2,1449,花崗石,121,23,46.4323,24,1,19.5264,1689.266,290300,2657530
大禹嶺,夫婦山,2,9621-2,6013,花崗石,121,27,12.8141,24,1,35.5895,2051.537,296130,2658040
大禹嶺,榮山,2,9621-2,1456,花崗石,121,28,10.3265,24,3,9.6807,2383.405,297750,2660940
大禹嶺,奇萊主山南峯,2,9621-2,1469,花崗石,121,16,17.9844,24,3,46.8324,3358.024,277620,2662030
大禹嶺,太魯閣大山,2,9621-2,1463,花崗石,121,24,46.1878,24,4,51.1502,3282.911,291970,2664050
大禹嶺,空巴尾,2,9621-2,1448,花崗石,121,23,28.5497,24,10,44.9520,2396.784,289750,2674920
大禹嶺,北合歡山,2,9621-2,1451,花崗石,121,16,24.3557,24,10,59.8337,3422.246,277780,2675350
大禹嶺,椎巴宇,2,9621-2,1459,花崗石,121,27,31.0876,24,12,50.7117,1795.281,296580,2678810
霧社,三角峰,2,9621-3,1465,花崗石,121,11,1.3385,24,5,57.6860,2375.748,268670,2666040
霧社,八仙山,2,9621-3,1547,花崗石,121,0,13.6485,24,9,21.6839,2365.501,250380,2672310
霧社,白狗南山,2,9621-3,1224,花崗石,121,6,12.0375,24,9,29.6274,2872.909,260500,2672550
霧社,更孟山,2,9621-3,1225,花崗石,121,13,19.5133,24,13,33.2424,2531.536,272550,2680060
梨山,小雪山,2,9621-4,1544,花崗石,121,1,52.5519,24,17,52.5612,2997.186,253170,2688020
梨山,佳陽山,2,9621-4,1462,花崗石,121,10,47.3952,24,18,30.3064,3314.147,268250,2689200
梨山,大雪山,2,9621-4,1545,花崗石,121,6,46.8555,24,19,57.1173,3529.657,261460,2691860
梨山,合流山,2,9621-4,1542,花崗石,121,3,14.2404,24,21,42.1860,2533.013,255470,2695090
梨山,中山,2,9621-4,1541,花崗石,121,8,32.9463,24,26,51.9980,2631.702,264440,2704630
梨山,大霸尖山,2,9621-4,1540,花崗石,121,14,59.4895,24,27,34.3153,3491.514,275330,2705940
梨山,鹿場大山,2,9621-4,1536,花崗石,121,3,45.1012,24,29,56.0508,2617.752,256330,2710280
桃園,那是山,2,9622-1,1532,花崗石,121,18,6.8112,24,45,28.0534,1519.911,280530,2738990
桃園,塔開山,2,9622-1,1533,花崗石,121,26,39.9398,24,47,37.6654,1727.838,294930,2743020
桃園,金面山,2,9622-1,1056,花崗石,121,19,38.0841,24,52,5.7842,667.447,283060,2751230
桃園,溪南山,2,9622-1,1024,花崗石,121,23,20.9012,24,55,35.0079,301.050,289300,2757690
桃園,內坡山,2,9622-1,1099,花崗石,121,26,52.3083,24,56,53.0591,429.748,295220,2760110
桃園,中壢埔頂,2,9622-1,1201,花崗石,121,15,18.2414,24,57,29.0743,138.934,275750,2761160
桃園,水尾子庄,2,9622-1,1019,花崗石,121,15,4.3199,24,59,19.5180,107.787,275350,2764560
桃園,四十張,2,9622-1,內補001,花崗石,121,28,14.1109,24,59,54.5137,46.630,297500,2765700
土場,眉有岩,2,9622-2,1553,花崗石,121,22,36.9825,24,30,54.0863,2327.649,288190,2712120
土場,木名地山,2,9622-2,1538,花崗石,121,15,59.7115,24,33,8.0216,2574.783,277000,2716210
土場,泰矢生山,2,9622-2,1531,花崗石,121,21,51.8327,24,35,45.1030,2444.305,286900,2721070
土場,烏山,2,9622-2,1548,花崗石,121,26,59.9873,24,36,34.4382,1625.930,295560,2722610
土場,夫婦山,2,9622-2,1534,花崗石,121,23,40.2834,24,43,28.9375,1870.253,289910,2735350
竹東,結城山,2,9622-3,1539,花崗石,121,10,12.9470,24,30,32.4831,2475.471,267250,2711410
竹東,面托油山,2,9622-3,1537,花崗石,121,7,33.9584,24,34,9.8747,1798.308,262770,2718100
竹東,霞山,2,9622-3,1554,花崗石,121,12,35.1280,24,36,13.0308,2166.981,271240,2721900
竹東,橫屏背,2,9622-3,1111,花崗石,121,1,7.7589,24,37,1.5029,779.240,251900,2723370
竹東,油羅山,2,9622-3,1555,花崗石,121,10,34.2282,24,38,1.3889,1763.564,267830,2725220
竹東,五指山,2,9622-3,1116,花崗石,121,5,16.6848,24,38,35.1095,1061.692,258900,2726250
竹東,麥樹仁山,2,9622-3,1117,花崗石,121,11,25.7357,24,43,10.1291,758.271,269270,2734730
中壢,王爺坑,2,9622-4,1050,花崗石,121,6,38.8082,24,46,5.8468,462.028,261200,2740120
中壢,石頭坑,2,9622-4,1029,花崗石,121,3,56.5818,24,48,17.1398,237.061,256640,2744160
中壢,大湖口,2,9622-4,內補022,花崗石,121,2,35.1341,24,51,43.1962,184.639,254350,2750500
中壢,三洽水,2,9622-4,1038,花崗石,121,10,34.5605,24,52,8.1488,398.214,267810,2751280
中壢,高山頂,2,9622-4,1023,花崗石,121,10,42.4951,24,55,50.2497,214.906,268020,2758110
中壢,伯公崗,2,9622-4,內補021,花崗石,121,3,57.2491,24,56,36.0659,114.752,256650,2759510
淡水,水汴頭,2,9623-2,1054,花崗石,121,18,58.8142,25,1,41.1606,254.435,281920,2768930
淡水,頭前,2,9623-2,1047,花崗石,121,26,56.5598,25,3,49.4566,0.996,295300,2772920
淡水,五股,2,9623-2,內補002,花崗石,121,25,12.8740,25,4,29.1387,155.216,292390,2774130
淡水,觀音山,2,9623-2,內補012,花崗石,121,25,6.3430,25,8,15.7390,616.005,292180,2781100
淡水,淡海,2,9623-2,內補004,花崗石,121,25,15.9606,25,12,21.4102,36.172,292430,2788660
淡水,大片頭,2,9623-2,內補005,花崗石,121,26,43.9170,25,14,57.6349,22.665,294880,2793470
大園,崙坪,2,9623-3,1052,花崗石,121,9,19.6338,25,0,18.2849,101.659,265690,2766350
豐濱,太巴塱山,2,9720-3,1222,花崗石,121,30,44.4337,23,40,33.1007,744.617,302250,2619220
花蓮,六階鼻山,2,9720-4,1213,花崗石,121,30,35.8143,23,45,39.1917,588.165,301970,2628640
花蓮,賀田山,2,9720-4,1215,花崗石,121,34,43.3867,23,53,22.3959,441.200,308930,2642920
花蓮,初音山,2,9720-4,1412,花崗石,121,31,23.6870,23,58,21.2330,905.452,303240,2652090
南澳,海岸山,2,9721-1,1201,花崗石,121,47,10.0370,24,25,53.4442,421.552,329710,2703040
新城,嵐山,2,9721-3,內補304,觀音石,121,31,22.0550,24,3,1.4484,2033.026,303160,2660710
新城,新城山,2,9721-3,1206,花崗石,121,35,43.6573,24,8,2.6829,1440.415,310520,2670000
新城,立霧山,2,9721-3,1221,花崗石,121,38,1.4387,24,10,47.7120,1274.414,314380,2675100
和平,二子山,2,9721-4,1452,花崗石,121,33,42.5284,24,15,30.9448,2565.068,307040,2683780
和平,杵望山,2,9721-4,1199,花崗石,121,40,47.1169,24,17,48.2358,1549.339,319000,2688060
和平,石楠花,2,9721-4,1552,花崗石,121,35,3.3560,24,21,15.7235,2048.242,309280,2694400
和平,金巢山,2,9721-4,1198,花崗石,121,42,36.3282,24,22,12.3878,1725.383,322030,2696200
和平,山櫻,2,9721-4,1551,花崗石,121,33,37.0595,24,26,15.0195,1871.537,306810,2703600
和平,鹿皮山,2,9721-4,1197,花崗石,121,43,10.5570,24,29,24.2284,1666.380,322930,2709490
頭城,三抱竹,2,9722-1,內補025,花崗石,121,48,50.4153,24,49,36.4335,16.728,332280,2746840
頭城,鶯嘴嶺,2,9722-1,1130,花崗石,121,48,13.0374,24,54,29.6011,942.540,331170,2755860
頭城,草嶺,2,9722-1,1181,花崗石,121,54,7.8732,24,58,34.9319,616.335,341080,2763470
頭城,柑腳山,2,9722-1,1150,花崗石,121,47,52.4934,24,59,27.6902,614.724,330540,2765030
蘇澳,七星嶺,2,9722-2,內補023,花崗石,121,50,42.8657,24,36,20.3590,228.837,335590,2722370
三星,銅山,2,9722-3,1129,花崗石,121,38,47.1698,24,30,41.6479,1919.901,315500,2711840
三星,大元山,2,9722-3,1086,花崗石,121,38,16.2965,24,33,41.5452,1489.752,314610,2717370
三星,九分山,2,9722-3,1200,花崗石,121,33,49.0742,24,36,33.6105,1088.719,307070,2722630
三星,大湖桶山,2,9722-3,1030,花崗石,121,38,41.5682,24,38,18.1641,722.594,315280,2725880
三星,拳頭母山,2,9722-3,1025,花崗石,121,32,16.4535,24,42,34.9700,1550.612,304420,2733740
三星,三針後山,2,9722-3,1022,花崗石,121,38,14.7857,24,44,20.2502,814.967,314470,2737020
三星,員山,2,9722-3,1204,花崗石,121,42,42.7082,24,44,49.4344,42.619,322000,2737950
宜蘭,阿玉山,2,9722-4,1026,花崗石,121,35,40.4998,24,47,28.4370,1419.914,310110,2742790
宜蘭,波路山,2,9722-4,4133,花崗石,121,31,58.8762,24,47,54.5583,1417.996,303890,2743570
宜蘭,呂奔山,2,9722-4,1137,花崗石,121,35,50.5003,24,51,53.8390,924.550,310360,2750960
宜蘭,直潭山,2,9722-4,1045,花崗石,121,33,33.9762,24,55,21.4872,728.837,306500,2757330
宜蘭,橫坪,2,9722-4,1039,花崗石,121,38,43.6250,24,57,9.1563,688.620,315170,2760680
宜蘭,火燒寮山,2,9722-4,1041,花崗石,121,42,35.9048,24,58,35.6988,839.816,321670,2763380
宜蘭,溪子口山,2,9722-4,1043,花崗石,121,32,25.5636,24,59,39.5501,142.649,304550,2765260
雙溪,隆隆山,2,9723-2,977,花崗石,121,58,0.3623,25,0,11.8360,432.496,347580,2766490
雙溪,五分山,2,9723-2,1065,花崗石,121,46,20.7285,25,4,21.9124,756.789,327920,2774060
雙溪,鼻頭,2,9723-2,1173,花崗石,121,54,50.9408,25,7,43.4344,110.031,342180,2780350
雙溪,槓子寮,2,9723-2,1168,花崗石,121,46,2.7418,25,8,41.6902,162.273,327370,2782050
台北市,茄苳腳山,2,9723-3,1060,花崗石,121,40,20.7818,25,2,34.7060,641.160,317850,2770710
台北市,劍潭山,2,9723-3,1064,花崗石,121,31,15.8464,25,5,9.8022,152.256,302560,2775420
台北市,東勢下股,2,9723-3,1055,花崗石,121,41,27.5067,25,6,38.5731,230.394,319680,2778220
台北市,大屯山,2,9723-3,內補006,花崗石,121,30,53.0535,25,10,36.3198,1076.931,301880,2785460
台北市,中幅子山,2,9723-3,1063,花崗石,121,39,41.9954,25,10,45.1042,471.666,316690,2785790
台北市,野柳,2,9723-3,內補003,花崗石,121,41,20.7714,25,12,55.9820,92.638,319430,2789840
台北市,竹子山,2,9723-3,內補007,花崗石,121,33,32.8752,25,13,6.6741,1074.272,306330,2790100
富貴角,西勢湖,2,9723-4,1027,花崗石,121,35,44.4062,25,15,16.4519,390.948,310000,2794110
富貴角,下員坑,2,9723-4,1068,花崗石,121,30,9.6344,25,17,16.6762,31.347,300620,2797770
